Change ID,Snapshot Date,Inactive Ingredient,Route of Administration,Dosage Form,Maximum Potency per Unit Dose,Maximum Daily Exposure,Maximum Daily Exposure UOM,Status
43,Q1 2026,2-NAPHTHALENOL,ORAL,CAPSULE,0.30 mg,,,C
43,Q2 2026,2-NAPHTHOL,ORAL,CAPSULE,0.30 mg,,,C
120,Q1 2026,ACETIC ACID,SUBCUTANEOUS,SOLUTION,0.06 %w/v,,,C
120,Q2 2026,ACETIC ACID,SUBCUTANEOUS,SOLUTION,NA,,,C
1069,Q1 2026,CARBOXYMETHYLCELLULOSE SODIUM,ORAL,SUSPENSION,,1600,mg,C
1069,Q2 2026,CARBOXYMETHYLCELLULOSE SODIUM,ORAL,SUSPENSION,,1080,mg,C
1296,Q1 2026,CITRIC ACID MONOHYDRATE,INTRAOCULAR,"INJECTION, SOLUTION, CONCENTRATE",0.24 mg/ 5.00 ml,,,C
1296,Q2 2026,CITRIC ACID MONOHYDRATE,INTRAOCULAR,"INJECTION, SOLUTION, CONCENTRATE",0.02 %w/v,,,C
1310,Q1 2026,CITRIC ACID MONOHYDRATE,IRRIGATION,"INJECTION, SOLUTION, CONCENTRATE",0.03 %w/v,,,C
1310,Q2 2026,CITRIC ACID MONOHYDRATE,IRRIGATION,"INJECTION, SOLUTION, CONCENTRATE",0.02 %w/v,,,C
2017,Q1 2026,DYE WILD CHERRY 7598,ORAL,SOLUTION,0.08 mg/ 5.00 ml,,,C
2017,Q2 2026,DYE WILD CHERRY 7598,ORAL,SOLUTION,0.05 mg/ 5.00 ml,,,C
3017,Q1 2026,GLYCERIN,TOPICAL,"AEROSOL, FOAM",,42,mg,C
3017,Q2 2026,GLYCERIN,TOPICAL,"AEROSOL, FOAM",,21,mg,C
3418,Q1 2026,HYDROXYETHYL CELLULOSE (140 MPA.S AT 5%),ORAL,TABLET,,4,mg,C
3418,Q2 2026,HYDROXYETHYL CELLULOSE (140 MPA.S AT 5%),ORAL,TABLET,,2,mg,C
3906,Q1 2026,LACTIC ACID,TOPICAL,"AEROSOL, FOAM",,21,mg,C
3906,Q2 2026,LACTIC ACID,TOPICAL,"AEROSOL, FOAM",,11,mg,C
3963,Q1 2026,LACTOSE,ORAL,"TABLET, DELAYED RELEASE",,458,mg,C
3963,Q2 2026,LACTOSE,ORAL,"TABLET, DELAYED RELEASE",,160,mg,C
4156,Q1 2026,LOW-SUBSTITUTED HYDROXYPROPYL CELLULOSE (11% HYDROXYPROPYL; 120000 MW),ORAL,TABLET,,370,mg,C
4156,Q2 2026,LOW-SUBSTITUTED HYDROXYPROPYL CELLULOSE (11% HYDROXYPROPYL; 120000 MW),ORAL,TABLET,,225,mg,C
4400,Q1 2026,MANNITOL,SUBCUTANEOUS,SOLUTION,1.59 %w/v,,,C
4400,Q2 2026,MANNITOL,SUBCUTANEOUS,SOLUTION,NA,,,C
6476,Q1 2026,POTASSIUM SORBATE,NASAL,"SPRAY, METERED",1.20 mg/ 1.00 ml,,,C
6476,Q2 2026,POTASSIUM SORBATE,NASAL,"SPRAY, METERED",0.06 mg,,,C
8083,Q1 2026,SODIUM STARCH GLYCOLATE TYPE A,ORAL,"CAPSULE, EXTENDED RELEASE",,90,mg,C
8083,Q2 2026,SODIUM STARCH GLYCOLATE TYPE A,ORAL,"CAPSULE, EXTENDED RELEASE",,32,mg,C
8121,Q1 2026,SODIUM SULFATE,OPHTHALMIC,SOLUTION,0.14 %w/w,,,C
8121,Q2 2026,SODIUM SULFATE,OPHTHALMIC,SOLUTION,0.14 %w/v,,,C
8158,Q1 2026,SODIUM TARTRATE DIHYDRATE,INTRAMUSCULAR,INJECTION,,288,mg,C
8158,Q2 2026,SODIUM TARTRATE DIHYDRATE,INTRAMUSCULAR,INJECTION,,96,mg,C
8159,Q1 2026,SODIUM TARTRATE DIHYDRATE,INTRAVENOUS,INJECTION,,288,mg,C
8159,Q2 2026,SODIUM TARTRATE DIHYDRATE,INTRAVENOUS,INJECTION,,96,mg,C
8885,Q1 2026,TRISODIUM CITRATE DIHYDRATE,INTRAOCULAR,"INJECTION, SOLUTION, CONCENTRATE",5.48 mg/ 1.00 ml,,,C
8885,Q2 2026,TRISODIUM CITRATE DIHYDRATE,INTRAOCULAR,"INJECTION, SOLUTION, CONCENTRATE",0.55 %w/v,,,C
491,Q1 2026,ANTIPYRINE,OPHTHALMIC,SOLUTION,0.10 %w/w,,,D
541,Q1 2026,ASEPTOFORM M,TOPICAL,CREAM,5.00 %w/w,,,D
562,Q1 2026,BALSAM PERU,RECTAL,SUPPOSITORY,100.00 mg,,,D
877,Q1 2026,CALCIUM CHLORIDE ANHYDROUS,INTRA-ARTERIAL,INJECTION,NA,10,mg,D
878,Q1 2026,CALCIUM CHLORIDE ANHYDROUS,INTRAVENOUS,INJECTION,NA,10,mg,D
949,Q1 2026,CAPSICUM OLEORESIN,ORAL,SYRUP,0.05 mg/ 5.00 ml,,,D
1079,Q1 2026,CARBOXYMETHYLCELLULOSE SODIUM,SOFT TISSUE,INJECTION,0.75 %w/v,,,D
1090,Q1 2026,CARBOXYMETHYLCELLULOSE SODIUM 12,ORAL,CAPSULE,4.20 mg,4,mg,D
1117,Q1 2026,CARRAGEENAN,ORAL,POWDER,0.41 mg,1,mg,D
1167,Q1 2026,CELLULOSIC POLYMERS,ORAL,"TABLET, DELAYED RELEASE",NA,,,D
1342,Q1 2026,CITRIC ACID MONOHYDRATE,PERINEURAL,INJECTION,0.02 %w/v,,,D
1386,Q1 2026,COCONUT OIL,ORAL,CAPSULE,NA,,,D
1402,Q1 2026,COLD CREAM,TOPICAL,SOAP,1.50 %w/w,,,D
1406,Q1 2026,"COLLAGEN, HYDROLYZED",ORAL,"CAPSULE, LIQUID FILLED",10.07 mg,20,mg,D
1613,Q1 2026,D&C RED NO. 30,ORAL,"TABLET, DELAYED RELEASE",NA,,,D
1849,Q1 2026,DIETHYL PHTHALATE,ORAL,CAPSULE,8.89 mg,9,mg,D
1935,Q1 2026,"DISTEAROYLPHOSPHATIDYLCHOLINE, DL-",INTRAVENOUS,"INJECTION, POWDER, FOR SUSPENSION",2.27 %w/v,,,D
2280,Q1 2026,ETHYLENE,ORAL,CAPSULE,NA,,,D
2281,Q1 2026,ETHYLENE GLYCOL,TOPICAL,"SHAMPOO, SUSPENSION",1.00 %w/v,,,D
2318,Q1 2026,"FATTY ACID ESTERS, SATURATED",ORAL,"CAPSULE, COATED PELLETS",0.20 mg,,,D
2438,Q1 2026,FD&C RED NO. 40,ORAL,"TABLET, DELAYED RELEASE",0.45 mg,,,D
2546,Q1 2026,FERRIC OXIDE RED,ORAL,"CAPSULE, LIQUID FILLED",0.62 mg,1,mg,D
2569,Q1 2026,FERRIC OXIDE YELLOW,ORAL,"CAPSULE, LIQUID FILLED",0.62 mg,1,mg,D
2625,Q1 2026,FLAVOR BUBBLE GUM MC-4938,ORAL,SUSPENSION,18.00 mg/ 5.00 ml,,,D
2859,Q1 2026,FORMIC ACID,INTRAVENOUS,"INJECTION, POWDER, LYOPHILIZED, FOR SOLUTION",6.00 %w/v,,,D
3075,Q1 2026,GLYCERYL MONOCITRATE,TOPICAL,CREAM,0.05 %w/w,,,D
3171,Q1 2026,HAMAMELIS VIRGINIANA TOP WATER,TOPICAL,CREAM,50.98 %w/w,,,D
3172,Q1 2026,HARD FAT,ORAL,"CAPSULE, LIQUID FILLED",76.50 mg,153,mg,D
3206,Q1 2026,HORNSTEDTIA COSTATA SEED,ORAL,ELIXIR,2.50 mg/ 5.00 ml,,,D
3385,Q1 2026,HYDROGENATED COTTONSEED OIL,ORAL,"TABLET, COATED",0.60 mg,,,D
3620,Q1 2026,HYPROMELLOSE 2906 (4 MPA.S),ORAL,POWDER,45.59 mg,91,mg,D
3696,Q1 2026,HYPROMELLOSE 2910 (5 MPA.S),ORAL,"GRANULE, FOR SUSPENSION",24.08 mg,48,mg,D
3891,Q1 2026,KARAYA GUM,BUCCAL,"FILM, EXTENDED RELEASE",68.10 mg,58,mg,D
3901,Q1 2026,LACTIC ACID,ORAL,"CAPSULE, LIQUID FILLED",44.00 mg,,,D
4252,Q1 2026,MAGNESIUM STEARATE,ORAL,"CAPSULE, COATED PELLETS",0.15 mg,,,D
4412,Q1 2026,MEDIUM-CHAIN TRIGLYCERIDES,ORAL,"CAPSULE, LIQUID FILLED",161.10 mg,866,mg,D
4527,Q1 2026,METHYL ACRYLATE - METHYL METHACRYLATE,ORAL,"TABLET, EXTENDED RELEASE",NA,,,D
4638,Q1 2026,METHYLPARABEN,ORAL,"TABLET, FILM COATED",0.23 mg,,,D
4832,Q1 2026,N-PHENYL-1-NAPTHYLAMINE,RESPIRATORY (INHALATION),LIQUID,0.01 %w/w,,,D
4887,Q1 2026,OPACODE NS-78-17821 WB BLACK,ORAL,CAPSULE,NA,,,D
4974,Q1 2026,OPADRY 03B34399 PINK,ORAL,TABLET,19.05 mg,,,D
5021,Q1 2026,OPADRY 05B11781 GREEN,ORAL,TABLET,7.00 mg,,,D
5022,Q1 2026,OPADRY 05B15325 RED,ORAL,TABLET,5.00 mg,,,D
5050,Q1 2026,OPADRY 85G93096 ORANGE,ORAL,TABLET,4.53 mg,,,D
5145,Q1 2026,OPADRY II 85G66895 BROWN,ORAL,"TABLET, EXTENDED RELEASE",18.00 mg,,,D
5168,Q1 2026,OPADRY II Y-22-10764 BLUE,ORAL,TABLET,15.00 mg,,,D
5179,Q1 2026,OPADRY II Y-22-13167 ORANGE,ORAL,"TABLET, FILM COATED, EXTENDED RELEASE",17.19 mg,34,mg,D
5201,Q1 2026,OPADRY II Y-30-12736A YELLOW,ORAL,"TABLET, FILM COATED, EXTENDED RELEASE",7.00 mg,,,D
5392,Q1 2026,OPADRY YS-1-2465,ORAL,TABLET,1.75 mg,,,D
5547,Q1 2026,OPASPRAY K-1-1437,ORAL,TABLET,NA,,,D
5814,Q1 2026,PHOSPHOLIPID,INTRAVENOUS,INJECTION,NA,,,D
5815,Q1 2026,PHOSPHOLIPID,INTRAVENOUS,"INJECTION, POWDER, LYOPHILIZED, FOR SOLUTION",120.00 mg,,,D
5928,Q1 2026,POLYDEXTROSE K,ORAL,"TABLET, FILM COATED",8.13 mg,,,D
6281,Q1 2026,POLYSORBATE 60,TOPICAL,AEROSOL,0.42 %w/w,,,D
6354,Q1 2026,POLYSORBATE 80,SOFT TISSUE,INJECTION,0.19 %w/v,4,mg,D
6443,Q1 2026,POTASSIUM CHLORIDE,ORAL,POWDER,0.18 mg,,,D
6446,Q1 2026,POTASSIUM CHLORIDE,ORAL,"TABLET, EXTENDED RELEASE",9.90 mg,13,mg,D
6452,Q1 2026,POTASSIUM CITRATE,TOPICAL,AEROSOL,0.26 %w/w,,,D
6680,Q1 2026,PROPYLENE GLYCOL,ORAL,"CAPSULE, LIQUID FILLED",17.70 mg,42,mg,D
6805,Q1 2026,PROPYLPARABEN,ORAL,"TABLET, FILM COATED",0.04 mg,,,D
6858,Q1 2026,RICINOLEIC ACID,VAGINAL,GEL,1.00 %w/w,,,D
7075,Q1 2026,SIMETHICONE,ORAL,"CAPSULE, COATED PELLETS",0.61 mg,,,D
7146,Q1 2026,SODIUM ACETATE,SUBCUTANEOUS,SOLUTION,0.02 %w/v,,,D
7195,Q1 2026,SODIUM BENZOATE,ORAL,LIQUID,10.13 mg/ 10.00 ml,61,mg,D
7230,Q1 2026,SODIUM BICARBONATE,ORAL,"CAPSULE, EXTENDED RELEASE",0.72 mg,4,mg,D
7444,Q1 2026,SODIUM CHLORIDE,SOFT TISSUE,INJECTION,0.90 %w/v,,,D
7477,Q1 2026,SODIUM DITHIONATE,INTRAMUSCULAR,"INJECTION, SOLUTION",0.32 %w/v,48,mg,D
7478,Q1 2026,SODIUM DITHIONATE,INTRAVENOUS,"INJECTION, SOLUTION",0.32 %w/v,48,mg,D
7775,Q1 2026,"SODIUM METAPHOSPHATE, INSOLUBLE",TOPICAL,SOAP,1.44 %w/w,,,D
8077,Q1 2026,SODIUM SALICYLATE,INTRAMUSCULAR,INJECTION,250.00 mg,,,D
8081,Q1 2026,SODIUM STARCH GLYCOLATE TYPE A,ORAL,"CAPSULE, COATED PELLETS",16.71 mg,,,D
8123,Q1 2026,SODIUM SULFATE,OPHTHALMIC,SUSPENSION,0.25 %w/v,1,mg,D
8175,Q1 2026,SODIUM TRIPOLYPHOSPHATE,ORAL,TABLET,8.00 mg,16,mg,D
8270,Q1 2026,SORBITOL,ORAL,"CAPSULE, LIQUID FILLED",24.94 mg,25,mg,D
8316,Q1 2026,SORBITOL SPECIAL POLYOL SOLUTION,ORAL,"CAPSULE, LIQUID FILLED",NA,,,D
8510,Q1 2026,STEARYL ALCOHOL,TOPICAL,AEROSOL,0.53 %w/w,,,D
8627,Q1 2026,SULFUR,INTRAVENOUS,INJECTION,NA,,,D
8656,Q1 2026,SULFUROUS ACID,INTRAMUSCULAR,INJECTION,ADJ PH,,,D
8724,Q1 2026,TEA TREE OIL,TOPICAL,SHAMPOO,0.01 %w/w,,,D
8733,Q1 2026,TETRACHLOROETHYLENE,ORAL,"TABLET, DELAYED RELEASE",702.00 mg,,,D
8752,Q1 2026,THYME OIL,TOPICAL,OINTMENT,0.10 %w/w,,,D
8816,Q1 2026,TRIACETIN,ORAL,"CAPSULE, COATED PELLETS",1.21 mg,,,D
8980,Q1 2026,TURPENTINE OIL,RESPIRATORY (INHALATION),LIQUID,NA,,,D
400,Q1 2026,ANHYDROUS DEXTROSE,INTRAVENOUS,"INJECTION, SOLUTION",5.00 %w/v,,,R
400,Q2 2026,ANHYDROUS DEXTROSE,INTRAVENOUS,"INJECTION, SOLUTION",,3187,mg,R
891,Q1 2026,CALCIUM PHOSPHATE,ORAL,"TABLET, FILM COATED",362.00 mg,,,R
891,Q2 2026,CALCIUM PHOSPHATE,ORAL,"TABLET, FILM COATED",,858,mg,R
927,Q1 2026,CALCIUM SULFATE ANHYDROUS,ORAL,"TABLET, EXTENDED RELEASE",250.00 mg,,,R
927,Q2 2026,CALCIUM SULFATE ANHYDROUS,ORAL,"TABLET, EXTENDED RELEASE",,468,mg,R
1594,Q1 2026,D&C RED NO. 27 LAKE,ORAL,TABLET,0.40 mg,,,R
1594,Q2 2026,D&C RED NO. 27 LAKE,ORAL,TABLET,,1,mg,R
1851,Q1 2026,DIETHYL PHTHALATE,ORAL,"CAPSULE, DELAYED RELEASE",12.00 mg,,,R
1851,Q2 2026,DIETHYL PHTHALATE,ORAL,"CAPSULE, DELAYED RELEASE",,15,mg,R
2156,Q1 2026,EGG PHOSPHOLIPIDS,INTRAVENOUS,INJECTION,1.80 %w/v,,,R
2156,Q2 2026,EGG PHOSPHOLIPIDS,INTRAVENOUS,INJECTION,,18000,mg,R
2450,Q1 2026,FD&C RED NO. 40 ALUMINUM LAKE,ORAL,SUSPENSION,2.00 mg/ 5.00 ml,,,R
2450,Q2 2026,FD&C RED NO. 40 ALUMINUM LAKE,ORAL,SUSPENSION,,1,mg,R
2596,Q1 2026,"FILM COATING SOLUTION, AQUEOUS IM-163",ORAL,TABLET,20.00 mg,,,R
2596,Q2 2026,"FILM COATING SOLUTION, AQUEOUS IM-163",ORAL,TABLET,,90,mg,R
2611,Q1 2026,FLAVOR BANANA SA84,ORAL,"POWDER, FOR SUSPENSION",10.00 mg/ 5.00 ml,,,R
2611,Q2 2026,FLAVOR BANANA SA84,ORAL,"POWDER, FOR SUSPENSION",,20,mg,R
2686,Q1 2026,FLAVOR CREME DE VANILLA 28156,ORAL,"POWDER, FOR SUSPENSION",0.10 mg/ 5.00 ml,,,R
2686,Q2 2026,FLAVOR CREME DE VANILLA 28156,ORAL,"POWDER, FOR SUSPENSION",,1,mg,R
2741,Q1 2026,FLAVOR ORANGE 57.458/AP05.51,ORAL,SUSPENSION,50.00 mg/ 5.00 ml,,,R
2741,Q2 2026,FLAVOR ORANGE 57.458/AP05.51,ORAL,SUSPENSION,,100,mg,R
2790,Q1 2026,FLAVOR RASPBERRY F-1840,ORAL,SYRUP,NA,,,R
2790,Q2 2026,FLAVOR RASPBERRY F-1840,ORAL,SYRUP,,63,mg,R
2814,Q1 2026,FLAVOR STRAWBERRY GUARANA 586.997/APO5.51,ORAL,"POWDER, FOR SUSPENSION",20.00 mg/ 5.00 ml,,,R
2814,Q2 2026,FLAVOR STRAWBERRY GUARANA 586.997/APO5.51,ORAL,"POWDER, FOR SUSPENSION",,80,mg,R
2996,Q1 2026,GLYCERIN,ORAL,ELIXIR,500.00 mg/ 1.00 ml,,,R
2996,Q2 2026,GLYCERIN,ORAL,ELIXIR,,5621,mg,R
3163,Q1 2026,GUAR GUM,ORAL,"TABLET, FILM COATED",35.40 mg,,,R
3163,Q2 2026,GUAR GUM,ORAL,"TABLET, FILM COATED",,36,mg,R
3621,Q1 2026,HYPROMELLOSE 2906 (4 MPA.S),RESPIRATORY (INHALATION),POWDER,45.67 mg,,,R
3621,Q2 2026,HYPROMELLOSE 2906 (4 MPA.S),RESPIRATORY (INHALATION),POWDER,,91,mg,R
3899,Q1 2026,LACTIC ACID,INTRAVENOUS,"INJECTION, SOLUTION",ADJ PH,,,R
3899,Q2 2026,LACTIC ACID,INTRAVENOUS,"INJECTION, SOLUTION",,87,mg,R
4988,Q1 2026,OPADRY 03B86636 BROWN,ORAL,"TABLET, DELAYED RELEASE",9.00 mg,,,R
4988,Q2 2026,OPADRY 03B86636 BROWN,ORAL,"TABLET, DELAYED RELEASE",,18,mg,R
5069,Q1 2026,OPADRY II 32K14833 PINK,ORAL,TABLET,21.00 mg,,,R
5069,Q2 2026,OPADRY II 32K14833 PINK,ORAL,TABLET,,84,mg,R
5170,Q1 2026,OPADRY II Y-22-12664 YELLOW,ORAL,TABLET,86.40 mg,,,R
5170,Q2 2026,OPADRY II Y-22-12664 YELLOW,ORAL,TABLET,,58,mg,R
5472,Q1 2026,OPADRY YS-1-7086 WHITE,ORAL,TABLET,12.00 mg,,,R
5472,Q2 2026,OPADRY YS-1-7086 WHITE,ORAL,TABLET,,48,mg,R
5821,Q1 2026,PHOSPHORIC ACID,INTRAVENOUS,INJECTION,2.11 %w/v,,,R
5821,Q2 2026,PHOSPHORIC ACID,INTRAVENOUS,INJECTION,,1294,mg,R
5921,Q1 2026,POLYCARBOPHIL,OPHTHALMIC,SOLUTION,0.90 %w/w,,,R
5921,Q2 2026,POLYCARBOPHIL,OPHTHALMIC,SOLUTION,,2,mg,R
6006,Q1 2026,POLYETHYLENE GLYCOL 400,INTRAMUSCULAR,INJECTION,20.30 %w/v,,,R
6006,Q2 2026,POLYETHYLENE GLYCOL 400,INTRAMUSCULAR,INJECTION,,406,mg,R
6278,Q1 2026,POLYSORBATE 60,ORAL,SUSPENSION,25.00 mg/ 5.00 ml,,,R
6278,Q2 2026,POLYSORBATE 60,ORAL,SUSPENSION,,125,mg,R
6384,Q1 2026,POLYVINYL ACETATE PHTHALATE,ORAL,"TABLET, EXTENDED RELEASE",37.40 mg,,,R
6384,Q2 2026,POLYVINYL ACETATE PHTHALATE,ORAL,"TABLET, EXTENDED RELEASE",,110,mg,R
6387,Q1 2026,POLYVINYL ALCOHOL,OPHTHALMIC,SOLUTION,1.40 %w/w,,,R
6387,Q2 2026,POLYVINYL ALCOHOL,OPHTHALMIC,SOLUTION,,6,mg,R
6959,Q1 2026,SHELLAC,ORAL,"TABLET, DELAYED RELEASE",21.44 mg,,,R
6959,Q2 2026,SHELLAC,ORAL,"TABLET, DELAYED RELEASE",,8,mg,R
7178,Q1 2026,SODIUM ASCORBATE,ORAL,TABLET,15.00 mg,,,R
7178,Q2 2026,SODIUM ASCORBATE,ORAL,TABLET,,30,mg,R
7317,Q1 2026,SODIUM CARBONATE,ORAL,TABLET,10.40 mg,,,R
7317,Q2 2026,SODIUM CARBONATE,ORAL,TABLET,,100,mg,R
7483,Q1 2026,SODIUM FORMALDEHYDE SULFOXYLATE,INTRAVENOUS,"INJECTION, POWDER, LYOPHILIZED, FOR SOLUTION",0.10 %w/v,,,R
7483,Q2 2026,SODIUM FORMALDEHYDE SULFOXYLATE,INTRAVENOUS,"INJECTION, POWDER, LYOPHILIZED, FOR SOLUTION",,11,mg,R
8052,Q1 2026,SODIUM POLYSTYRENE SULFONATE,OPHTHALMIC,SUSPENSION,0.25 %v/v,,,R
8052,Q2 2026,SODIUM POLYSTYRENE SULFONATE,OPHTHALMIC,SUSPENSION,,1,mg,R
8375,Q1 2026,STARCH,ORAL,"TABLET, DELAYED RELEASE",179.88 mg,,,R
8375,Q2 2026,STARCH,ORAL,"TABLET, DELAYED RELEASE",,232,mg,R
8494,Q1 2026,STEAR-O-WET M,ORAL,TABLET,860.00 mg,,,R
8494,Q2 2026,STEAR-O-WET M,ORAL,TABLET,,26,mg,R
